qid,path
3,project/data/Cliparts/01_Kate Hadfield/9to5/khadfield_9to5_books.png
3,project/data/Cliparts/01_Kate Hadfield/AllTheEverydays/khadfield_AllTheEverydays_books.png
3,project/data/Cliparts/01_Kate Hadfield/BigSchool/khadfield_BigSchool_pileofbooks.png
3,project/data/Cliparts/01_Kate Hadfield/Bookworms/khadfield_Bookworms_bookshelf.png
3,project/data/Cliparts/01_Kate Hadfield/Bookworms/khadfield_Bookworms_pileofbooks.png
3,project/data/Cliparts/01_Kate Hadfield/GraduationStamps/DIGITAL STAMPS/khadfield_GraduationStamps_books_2.png
3,project/data/Cliparts/01_Kate Hadfield/GraduationStamps/LINE ART/khadfield_GraduationStamps_books.png
3,project/data/Cliparts/01_Kate Hadfield/GraduationStamps/BOLD/khadfield_GraduationStampsBOLD_books.png
3,project/data/Cliparts/01_Kate Hadfield/LittleSchool/khadfield_LittleSchool_books.png
3,project/data/Cliparts/01_Kate Hadfield/LittleSchool/LittleSchoolStamps/BOLD/khadfield_LittleSchoolStamps_BOLD_books.png
3,project/data/Cliparts/01_Kate Hadfield/LittleSchool/LittleSchoolStamps/DIGITAL STAMPS/khadfield_LittleSchoolStamps_books_2.png
3,project/data/Cliparts/01_Kate Hadfield/LittleSchool/LittleSchoolStamps/LINE ART/khadfield_LittleSchoolStamps_books.png
4,project/data/Cliparts/01_Kate Hadfield/BrainSmart/BrainSmartStamps/DIGITAL STAMPS/khadfield_BrainSmartStamps_plussign_2.png
4,project/data/Cliparts/01_Kate Hadfield/BrainSmart/BrainSmartStamps/LINE ART/khadfield_BrainSmartStamps_plussign.png
4,project/data/Cliparts/01_Kate Hadfield/BrainSmart/khadfield_BrainSmart_plussign.png
4,project/data/Cliparts/01_Kate Hadfield/BrainSmart/BrainSmartStamps/BOLD/khadfield_BrainSmartStamps_BOLD_plussign.png
4,project/data/Cliparts/01_Kate Hadfield/BrainSmart/BrainSmartStamps/BOLD/khadfield_BrainSmartStamps_BOLD_minussign.png
4,project/data/Cliparts/01_Kate Hadfield/BrainSmart/BrainSmartStamps/DIGITAL STAMPS/khadfield_BrainSmartStamps_minussign_2.png
4,project/data/Cliparts/01_Kate Hadfield/BrainSmart/khadfield_BrainSmart_minussign.png
4,project/data/Cliparts/01_Kate Hadfield/BrainSmart/BrainSmartStamps/LINE ART/khadfield_BrainSmartStamps_minussign.png
4,project/data/Cliparts/01_Kate Hadfield/BrainSmart/khadfield_BrainSmart_divisionsign.png
4,project/data/Cliparts/01_Kate Hadfield/BrainSmart/BrainSmartStamps/BOLD/khadfield_BrainSmartStamps_BOLD_divisionsign.png
4,project/data/Cliparts/01_Kate Hadfield/BrainSmart/BrainSmartStamps/DIGITAL STAMPS/khadfield_BrainSmartStamps_divisionsign_2.png
4,project/data/Cliparts/01_Kate Hadfield/BrainSmart/BrainSmartStamps/LINE ART/khadfield_BrainSmartStamps_divisionsign.png
4,project/data/Cliparts/01_Kate Hadfield/BrainSmart/BrainSmartStamps/DIGITAL STAMPS/khadfield_BrainSmartStamps_divisionsign2_2.png
4,project/data/Cliparts/01_Kate Hadfield/BrainSmart/khadfield_BrainSmart_divisionsign2.png
4,project/data/Cliparts/01_Kate Hadfield/BrainSmart/BrainSmartStamps/BOLD/khadfield_BrainSmartStamps_BOLD_divisionsign2.png
4,project/data/Cliparts/01_Kate Hadfield/BrainSmart/BrainSmartStamps/LINE ART/khadfield_BrainSmartStamps_divisionsign2.png
6,project/data/Cliparts/01_Kate Hadfield/FirstDayofSchool/khadfield_FirstDayofSchool_pencilcase.png
6,project/data/Cliparts/01_Kate Hadfield/FirstDayofSchool/khadfield_FirstDayofSchool_pencilcase2.png
6,project/data/Cliparts/01_Kate Hadfield/FirstDayofSchool/FirstDayofSchoolStamps/BOLD/khadfield_FirstDayofSchoolStamps_BOLD_pencilcase.png
6,project/data/Cliparts/01_Kate Hadfield/FirstDayofSchool/FirstDayofSchoolStamps/BOLD/khadfield_FirstDayofSchoolStamps_BOLD_pencilcase2.png
6,project/data/Cliparts/01_Kate Hadfield/FirstDayofSchool/FirstDayofSchoolStamps/DIGITAL STAMPS/khadfield_FirstDayofSchoolStamps_pencilcase2_2.png
6,project/data/Cliparts/01_Kate Hadfield/FirstDayofSchool/FirstDayofSchoolStamps/LINE ART/khadfield_FirstDayofSchoolStamps_pencilcase2.png
6,project/data/Cliparts/01_Kate Hadfield/InMyBackpack/khadfield_InMyBackpack_pencilcase.png
6,project/data/Cliparts/01_Kate Hadfield/InMyBackpack/InMyBackpackStamps/DIGITAL STAMPS/khadfield_InMyBackpackStamps_pencilcase_2.png
6,project/data/Cliparts/01_Kate Hadfield/InMyBackpack/InMyBackpackStamps/LINE ART/khadfield_InMyBackpackStamps_pencilcase.png
7,project/data/Cliparts/01_Kate Hadfield/9to5/khadfield_9to5_monitor.png
7,project/data/Cliparts/01_Kate Hadfield/9to5/9to5Stamps/BOLD/khadfield_9to5Stamps_BOLD_monitor.png
7,project/data/Cliparts/01_Kate Hadfield/9to5/9to5Stamps/DIGITAL STAMPS/khadfield_9to5Stamps_monitor_2.png
7,project/data/Cliparts/01_Kate Hadfield/9to5/9to5Stamps/LINE ART/khadfield_9to5Stamps_monitor.png
7,project/data/Cliparts/01_Kate Hadfield/AllTheEverydays/khadfield_AllTheEverydays_TV.png
7,project/data/Cliparts/01_Kate Hadfield/Digiscrapping/khadfield_Digiscrapping_monitor.png
7,project/data/Cliparts/01_Kate Hadfield/Digiscrapping/DigiscrappingStamps/DIGITAL STAMPS/khadfield_DigiscrappingStamps_monitor_2.png
7,project/data/Cliparts/01_Kate Hadfield/Digiscrapping/DigiscrappingStamps/LINE ART/khadfield_DigiscrappingStamps_monitor.png
7,project/data/Cliparts/01_Kate Hadfield/Digiscrapping/DigiscrappingStamps/BOLD/khadfield_DigiscrappingStampsBOLD_monitor.png
8,project/data/Cliparts/01_Kate Hadfield/BigSchool/khadfield_BigSchool_backpack.png 
8,project/data/Cliparts/01_Kate Hadfield/FirstDayofSchool/FirstDayofSchoolStamps/BOLD/khadfield_FirstDayofSchoolStamps_BOLD_backpack.png 
8,project/data/Cliparts/01_Kate Hadfield/FirstDayofSchool/khadfield_FirstDayofSchool_backpack.png 
8,project/data/Cliparts/01_Kate Hadfield/FirstDayofSchool/FirstDayofSchoolStamps/DIGITAL STAMPS/khadfield_FirstDayofSchoolStamps_backpack_2.png 
8,project/data/Cliparts/01_Kate Hadfield/FirstDayofSchool/FirstDayofSchoolStamps/LINE ART/khadfield_FirstDayofSchoolStamps_backpack.png
8,project/data/Cliparts/01_Kate Hadfield/LittleSchool/khadfield_LittleSchool_backpack.png 
8,project/data/Cliparts/01_Kate Hadfield/LittleSchool/LittleSchoolStamps/DIGITAL STAMPS/khadfield_LittleSchoolStamps_backpack_2.png 
8,project/data/Cliparts/01_Kate Hadfield/LittleSchool/LittleSchoolStamps/BOLD/khadfield_LittleSchoolStamps_BOLD_backpack.png 
8,project/data/Cliparts/01_Kate Hadfield/LittleSchool/LittleSchoolStamps/LINE ART/khadfield_LittleSchoolStamps_backpack.png
9,project/data/Cliparts/01_Kate Hadfield/ScienceTime/khadfield_ScienceTime_bunsenburner.png
10,project/data/Cliparts/01_Kate Hadfield/SpringClean/khadfield_springclean_sponge.png 
12,project/data/Cliparts/01_Kate Hadfield/LittleSchool/khadfield_LittleSchool_palette.png 
12,project/data/Cliparts/01_Kate Hadfield/LittleSchool/LittleSchoolStamps/BOLD/khadfield_LittleSchoolStamps_BOLD_palette.png 
12,project/data/Cliparts/01_Kate Hadfield/LittleSchool/LittleSchoolStamps/DIGITAL STAMPS/khadfield_LittleSchoolStamps_palette_2.png 
12,project/data/Cliparts/01_Kate Hadfield/LittleSchool/LittleSchoolStamps/LINE ART/khadfield_LittleSchoolStamps_palette.png 
14,project/data/Cliparts/01_Kate Hadfield/InMyBackpack/khadfield_InMyBackpack_crayonbox.png 
14,project/data/Cliparts/01_Kate Hadfield/InMyBackpack/InMyBackpackStamps/BOLD/khadfield_InMyBackpackStamps_BOLD_crayonbox_blank.png 
14,project/data/Cliparts/01_Kate Hadfield/InMyBackpack/khadfield_InMyBackpack_crayonbox_blank.png 
14,project/data/Cliparts/01_Kate Hadfield/InMyBackpack/InMyBackpackStamps/BOLD/khadfield_InMyBackpackStamps_BOLD_crayonbox.png 
14,project/data/Cliparts/01_Kate Hadfield/InMyBackpack/InMyBackpackStamps/DIGITAL STAMPS/khadfield_InMyBackpackStamps_crayonbox_2.png 
14,project/data/Cliparts/01_Kate Hadfield/InMyBackpack/InMyBackpackStamps/DIGITAL STAMPS/khadfield_InMyBackpackStamps_crayonbox_blank_2.png 
14,project/data/Cliparts/01_Kate Hadfield/InMyBackpack/InMyBackpackStamps/LINE ART/khadfield_InMyBackpackStamps_crayonbox_blank.png 
14,project/data/Cliparts/01_Kate Hadfield/InMyBackpack/InMyBackpackStamps/LINE ART/khadfield_InMyBackpackStamps_crayonbox.png 
14,project/data/Cliparts/01_Kate Hadfield/LittleSchool/khadfield_LittleSchool_crayons.png 
14,project/data/Cliparts/01_Kate Hadfield/LittleSchool/LittleSchoolStamps/BOLD/khadfield_LittleSchoolStamps_BOLD_crayons.png 
14,project/data/Cliparts/01_Kate Hadfield/LittleSchool/LittleSchoolStamps/DIGITAL STAMPS/khadfield_LittleSchoolStamps_crayons_2.png 
14,project/data/Cliparts/01_Kate Hadfield/LittleSchool/LittleSchoolStamps/LINE ART/khadfield_LittleSchoolStamps_crayons.png 
15,project/data/Cliparts/01_Kate Hadfield/BigSchool/khadfield_BigSchool_protractor.png
16,project/data/Cliparts/01_Kate Hadfield/ScienceTime/khadfield_ScienceTime_magnifyingglass.png
18,project/data/Cliparts/01_Kate Hadfield/FirstDayofSchool/khadfield_FirstDayofSchool_lunchbox.png 
18,project/data/Cliparts/01_Kate Hadfield/FirstDayofSchool/FirstDayofSchoolStamps/BOLD/khadfield_FirstDayofSchoolStamps_BOLD_lunchbox.png 
18,project/data/Cliparts/01_Kate Hadfield/FirstDayofSchool/FirstDayofSchoolStamps/DIGITAL STAMPS/khadfield_FirstDayofSchoolStamps_lunchbox_2.png 
18,project/data/Cliparts/01_Kate Hadfield/FirstDayofSchool/FirstDayofSchoolStamps/LINE ART/khadfield_FirstDayofSchoolStamps_lunchbox.png 
18,project/data/Cliparts/01_Kate Hadfield/LittleSchool/khadfield_LittleSchool_lunchbox.png 
18,project/data/Cliparts/01_Kate Hadfield/LittleSchool/LittleSchoolStamps/BOLD/khadfield_LittleSchoolStamps_BOLD_lunchbox.png 
18,project/data/Cliparts/01_Kate Hadfield/LittleSchool/LittleSchoolStamps/DIGITAL STAMPS/khadfield_LittleSchoolStamps_lunchbox_2.png 
18,project/data/Cliparts/01_Kate Hadfield/LittleSchool/LittleSchoolStamps/LINE ART/khadfield_LittleSchoolStamps_lunchbox.png
19,project/data/Cliparts/01_Kate Hadfield/Bookworms/khadfield_Bookworms_world.png 
19,project/data/Cliparts/01_Kate Hadfield/HappyPlanet/khadfield_HappyPlanet_planetearth.png 
19,project/data/Cliparts/01_Kate Hadfield/OnOurTravels/khadfield_OnOurTravels_globe1.png 
19,project/data/Cliparts/01_Kate Hadfield/OnOurTravels/khadfield_OnOurTravels_globe2.png 
19,project/data/Cliparts/01_Kate Hadfield/HappyPlanet/HappyPlanetStamps/BOLD/khadfield_HappyPlanetStamps_BOLD_planetearth.png 
19,project/data/Cliparts/01_Kate Hadfield/OnOurTravels/OnOurTravelsStamps/BOLD STAMPS/khadfield_OnOurTravelsStamps_BOLD_globe1.png 
19,project/data/Cliparts/01_Kate Hadfield/OnOurTravels/OnOurTravelsStamps/BOLD STAMPS/khadfield_OnOurTravelsStamps_BOLD_globe2.png 
19,project/data/Cliparts/01_Kate Hadfield/OnOurTravels/OnOurTravelsStamps/DIGITAL STAMPS/khadfield_OnOurTravelsStamps_globe1_2.png 
19,project/data/Cliparts/01_Kate Hadfield/OnOurTravels/OnOurTravelsStamps/LINE ART/khadfield_OnOurTravelsStamps_globe2.png 
19,project/data/Cliparts/01_Kate Hadfield/OnOurTravels/OnOurTravelsStamps/DIGITAL STAMPS/khadfield_OnOurTravelsStamps_globe2_2.png 
19,project/data/Cliparts/01_Kate Hadfield/OnOurTravels/OnOurTravelsStamps/LINE ART/khadfield_OnOurTravelsStamps_globe1.png 
23,project/data/Cliparts/01_Kate Hadfield/ScienceTime/khadfield_ScienceTime_microscope.png 
28,project/data/Cliparts/01_Kate Hadfield/CalendarYear/khadfield_CalendarYear_graduationcap.png 
28,project/data/Cliparts/01_Kate Hadfield/CalendarYear/CalendarYearStamps/DIGITAL STAMPS/khadfield_CalendarYearStamps_graduationcap_2.png 
28,project/data/Cliparts/01_Kate Hadfield/CalendarYear/CalendarYearStamps/LINE ART/khadfield_CalendarYearStamps_graduationcap.png 
28,project/data/Cliparts/01_Kate Hadfield/CalendarYear/CalendarYearStamps/BOLD OUTLINE/khadfield_CalendarYearStampsBOLD_graduationcap.png 
28,project/data/Cliparts/01_Kate Hadfield/GraduationStamps/DIGITAL STAMPS/khadfield_GraduationStamps_cap3_2.png 
28,project/data/Cliparts/01_Kate Hadfield/GraduationStamps/LINE ART/khadfield_GraduationStamps_cap3.png 
28,project/data/Cliparts/01_Kate Hadfield/GraduationStamps/DIGITAL STAMPS/khadfield_GraduationStamps_cap4_2.png 
28,project/data/Cliparts/01_Kate Hadfield/GraduationStamps/LINE ART/khadfield_GraduationStamps_cap4.png 
28,project/data/Cliparts/01_Kate Hadfield/GraduationStamps/DIGITAL STAMPS/khadfield_GraduationStamps_graduateboy_2.png 
28,project/data/Cliparts/01_Kate Hadfield/GraduationStamps/LINE ART/khadfield_GraduationStamps_graduateboy.png 
28,project/data/Cliparts/01_Kate Hadfield/GraduationStamps/BOLD/khadfield_GraduationStampsBOLD_cap1.png 
28,project/data/Cliparts/01_Kate Hadfield/GraduationStamps/BOLD/khadfield_GraduationStampsBOLD_cap2.png 
28,project/data/Cliparts/01_Kate Hadfield/GraduationStamps/BOLD/khadfield_GraduationStampsBOLD_cap3.png
29,project/data/Cliparts/01_Kate Hadfield/BigSchool/khadfield_BigSchool_paperplanes.png 
29,project/data/Cliparts/01_Kate Hadfield/BoysNightIn/khadfield_BoysNightIn_paperplane.png
30,project/data/Cliparts/01_Kate Hadfield/InMyBackpack/InMyBackpackStamps/BOLD/khadfield_InMyBackpackStamps_BOLD_gluebottle_blank.png 
30,project/data/Cliparts/01_Kate Hadfield/InMyBackpack/InMyBackpackStamps/BOLD/khadfield_InMyBackpackStamps_BOLD_gluebottle.png 
30,project/data/Cliparts/01_Kate Hadfield/InMyBackpack/khadfield_InMyBackpack_gluebottle_blank.png 
30,project/data/Cliparts/01_Kate Hadfield/InMyBackpack/khadfield_InMyBackpack_gluebottle.png 
30,project/data/Cliparts/01_Kate Hadfield/InMyBackpack/InMyBackpackStamps/DIGITAL STAMPS/khadfield_InMyBackpackStamps_gluebottle_2.png 
30,project/data/Cliparts/01_Kate Hadfield/InMyBackpack/InMyBackpackStamps/DIGITAL STAMPS/khadfield_InMyBackpackStamps_gluebottle_blank_2.png 
30,project/data/Cliparts/01_Kate Hadfield/InMyBackpack/InMyBackpackStamps/LINE ART/khadfield_InMyBackpackStamps_gluebottle_blank.png 
30,project/data/Cliparts/01_Kate Hadfield/InMyBackpack/InMyBackpackStamps/LINE ART/khadfield_InMyBackpackStamps_gluebottle.png 
30,project/data/Cliparts/01_Kate Hadfield/LittleSchool/khadfield_LittleSchool_glue.png 
30,project/data/Cliparts/01_Kate Hadfield/LittleSchool/LittleSchoolStamps/BOLD/khadfield_LittleSchoolStamps_BOLD_glue.png 
30,project/data/Cliparts/01_Kate Hadfield/LittleSchool/LittleSchoolStamps/DIGITAL STAMPS/khadfield_LittleSchoolStamps_glue_2.png 
30,project/data/Cliparts/01_Kate Hadfield/LittleSchool/LittleSchoolStamps/LINE ART/khadfield_LittleSchoolStamps_glue.png
32,project/data/Cliparts/01_Kate Hadfield/SpringClean/khadfield_springclean_dustbin.png 
32,project/data/Cliparts/01_Kate Hadfield/SpringClean/khadfield_springclean_bin.png 
34,project/data/Cliparts/01_Kate Hadfield/SchoolSports/khadfield_SchoolSports_soccerball.png 
35,project/data/Cliparts/01_Kate Hadfield/9to5/khadfield_9to5_chair.png 
35,project/data/Cliparts/01_Kate Hadfield/9to5/9to5Stamps/BOLD/khadfield_9to5Stamps_BOLD_chair.png 
35,project/data/Cliparts/01_Kate Hadfield/9to5/9to5Stamps/DIGITAL STAMPS/khadfield_9to5Stamps_chair_2.png 
35,project/data/Cliparts/01_Kate Hadfield/9to5/9to5Stamps/LINE ART/khadfield_9to5Stamps_chair.png
38,project/data/Cliparts/01_Kate Hadfield/Digiscrapping/DigiscrappingStamps/BOLD/khadfield_DigiscrappingStampsBOLD_mousewired.png 
38,project/data/Cliparts/01_Kate Hadfield/Digiscrapping/DigiscrappingStamps/LINE ART/khadfield_DigiscrappingStamps_mouse.png 
38,project/data/Cliparts/01_Kate Hadfield/Digiscrapping/DigiscrappingStamps/DIGITAL STAMPS/khadfield_DigiscrappingStamps_mousewired_2.png 
38,project/data/Cliparts/01_Kate Hadfield/Digiscrapping/DigiscrappingStamps/LINE ART/khadfield_DigiscrappingStamps_mousewired.png 
38,project/data/Cliparts/01_Kate Hadfield/Digiscrapping/DigiscrappingStamps/BOLD/khadfield_DigiscrappingStampsBOLD_mouse.png 
38,project/data/Cliparts/01_Kate Hadfield/Digiscrapping/DigiscrappingStamps/DIGITAL STAMPS/khadfield_DigiscrappingStamps_mouse_2.png 
38,project/data/Cliparts/01_Kate Hadfield/Digiscrapping/khadfield_Digiscrapping_mousewired.png 
38,project/data/Cliparts/01_Kate Hadfield/Digiscrapping/khadfield_Digiscrapping_mouse.png 
38,project/data/Cliparts/01_Kate Hadfield/9to5/9to5Stamps/LINE ART/khadfield_9to5Stamps_mouse.png 
38,project/data/Cliparts/01_Kate Hadfield/9to5/khadfield_9to5_mouse.png 
38,project/data/Cliparts/01_Kate Hadfield/9to5/9to5Stamps/BOLD/khadfield_9to5Stamps_BOLD_mouse.png 
38,project/data/Cliparts/01_Kate Hadfield/9to5/9to5Stamps/DIGITAL STAMPS/khadfield_9to5Stamps_mouse_2.png
40,project/data/Cliparts/01_Kate Hadfield/WhateverTheWeather/khadfield_WhateverTheWeather_cloud2.png 
40,project/data/Cliparts/01_Kate Hadfield/WhateverTheWeather/khadfield_WhateverTheWeather_cloud1.png 
40,project/data/Cliparts/01_Kate Hadfield/WhateverTheWeather/khadfield_WhateverTheWeather_cloud3.png 
40,project/data/Cliparts/01_Kate Hadfield/WhateverTheWeather/khadfield_WhateverTheWeather_lightning1.png 
40,project/data/Cliparts/01_Kate Hadfield/WhateverTheWeather/khadfield_WhateverTheWeather_fog.png 
40,project/data/Cliparts/01_Kate Hadfield/WhateverTheWeather/khadfield_WhateverTheWeather_hail.png 
40,project/data/Cliparts/01_Kate Hadfield/WhateverTheWeather/khadfield_WhateverTheWeather_lightning2.png 
40,project/data/Cliparts/01_Kate Hadfield/WhateverTheWeather/khadfield_WhateverTheWeather_icicles1.png 
40,project/data/Cliparts/01_Kate Hadfield/WhateverTheWeather/khadfield_WhateverTheWeather_icicles2.png 
40,project/data/Cliparts/01_Kate Hadfield/WhateverTheWeather/khadfield_WhateverTheWeather_rain.png 
40,project/data/Cliparts/01_Kate Hadfield/WhateverTheWeather/khadfield_WhateverTheWeather_rainbow.png 
40,project/data/Cliparts/01_Kate Hadfield/WhateverTheWeather/khadfield_WhateverTheWeather_raindrop.png
40,project/data/Cliparts/01_Kate Hadfield/WhateverTheWeather/khadfield_WhateverTheWeather_raindrops.png 
40,project/data/Cliparts/01_Kate Hadfield/WhateverTheWeather/khadfield_WhateverTheWeather_raindrops2.png 
40,project/data/Cliparts/01_Kate Hadfield/WhateverTheWeather/khadfield_WhateverTheWeather_snowflake.png 
40,project/data/Cliparts/01_Kate Hadfield/WhateverTheWeather/khadfield_WhateverTheWeather_snowflakes.png 
40,project/data/Cliparts/01_Kate Hadfield/WhateverTheWeather/khadfield_WhateverTheWeather_sun3.png 
40,project/data/Cliparts/01_Kate Hadfield/WhateverTheWeather/khadfield_WhateverTheWeather_sun2.png 
40,project/data/Cliparts/01_Kate Hadfield/WhateverTheWeather/khadfield_WhateverTheWeather_sun1.png 
40,project/data/Cliparts/01_Kate Hadfield/WhateverTheWeather/khadfield_WhateverTheWeather_tornado.png 
40,project/data/Cliparts/01_Kate Hadfield/WhateverTheWeather/khadfield_WhateverTheWeather_wind2.png 
40,project/data/Cliparts/01_Kate Hadfield/WhateverTheWeather/khadfield_WhateverTheWeather_wind1.png 
40,project/data/Cliparts/01_Kate Hadfield/WhateverTheWeather/WhateverTheWeatherStamps/BOLD/khadfield_WhateverTheWeatherStamps_BOLD_cloud1.png 
40,project/data/Cliparts/01_Kate Hadfield/WhateverTheWeather/WhateverTheWeatherStamps/BOLD/khadfield_WhateverTheWeatherStamps_BOLD_cloud2.png 
40,project/data/Cliparts/01_Kate Hadfield/WhateverTheWeather/WhateverTheWeatherStamps/BOLD/khadfield_WhateverTheWeatherStamps_BOLD_cloud3.png 
40,project/data/Cliparts/01_Kate Hadfield/WhateverTheWeather/WhateverTheWeatherStamps/BOLD/khadfield_WhateverTheWeatherStamps_BOLD_hail.png 
40,project/data/Cliparts/01_Kate Hadfield/WhateverTheWeather/WhateverTheWeatherStamps/BOLD/khadfield_WhateverTheWeatherStamps_BOLD_fog.png 
40,project/data/Cliparts/01_Kate Hadfield/WhateverTheWeather/WhateverTheWeatherStamps/BOLD/khadfield_WhateverTheWeatherStamps_BOLD_clouds.png 
40,project/data/Cliparts/01_Kate Hadfield/WhateverTheWeather/WhateverTheWeatherStamps/BOLD/khadfield_WhateverTheWeatherStamps_BOLD_icicles2.png 
40,project/data/Cliparts/01_Kate Hadfield/WhateverTheWeather/WhateverTheWeatherStamps/BOLD/khadfield_WhateverTheWeatherStamps_BOLD_lightning1.png 
40,project/data/Cliparts/01_Kate Hadfield/WhateverTheWeather/WhateverTheWeatherStamps/BOLD/khadfield_WhateverTheWeatherStamps_BOLD_lightning2.png 
40,project/data/Cliparts/01_Kate Hadfield/WhateverTheWeather/WhateverTheWeatherStamps/BOLD/khadfield_WhateverTheWeatherStamps_BOLD_icicles1.png 
40,project/data/Cliparts/01_Kate Hadfield/WhateverTheWeather/WhateverTheWeatherStamps/BOLD/khadfield_WhateverTheWeatherStamps_BOLD_rain.png 
40,project/data/Cliparts/01_Kate Hadfield/WhateverTheWeather/WhateverTheWeatherStamps/BOLD/khadfield_WhateverTheWeatherStamps_BOLD_raindrops.png 
40,project/data/Cliparts/01_Kate Hadfield/WhateverTheWeather/WhateverTheWeatherStamps/BOLD/khadfield_WhateverTheWeatherStamps_BOLD_raindrops2.png 
40,project/data/Cliparts/01_Kate Hadfield/WhateverTheWeather/WhateverTheWeatherStamps/BOLD/khadfield_WhateverTheWeatherStamps_BOLD_snowflake.png 
40,project/data/Cliparts/01_Kate Hadfield/WhateverTheWeather/WhateverTheWeatherStamps/BOLD/khadfield_WhateverTheWeatherStamps_BOLD_raindrop.png 
40,project/data/Cliparts/01_Kate Hadfield/WhateverTheWeather/WhateverTheWeatherStamps/BOLD/khadfield_WhateverTheWeatherStamps_BOLD_snowflakes.png 
40,project/data/Cliparts/01_Kate Hadfield/WhateverTheWeather/WhateverTheWeatherStamps/BOLD/khadfield_WhateverTheWeatherStamps_BOLD_rainbow.png 
40,project/data/Cliparts/01_Kate Hadfield/WhateverTheWeather/WhateverTheWeatherStamps/BOLD/khadfield_WhateverTheWeatherStamps_BOLD_sun3.png 
40,project/data/Cliparts/01_Kate Hadfield/WhateverTheWeather/WhateverTheWeatherStamps/BOLD/khadfield_WhateverTheWeatherStamps_BOLD_sun2.png 
40,project/data/Cliparts/01_Kate Hadfield/WhateverTheWeather/WhateverTheWeatherStamps/BOLD/khadfield_WhateverTheWeatherStamps_BOLD_sun1.png 
40,project/data/Cliparts/01_Kate Hadfield/WhateverTheWeather/WhateverTheWeatherStamps/BOLD/khadfield_WhateverTheWeatherStamps_BOLD_wind2.png 
40,project/data/Cliparts/01_Kate Hadfield/WhateverTheWeather/WhateverTheWeatherStamps/BOLD/khadfield_WhateverTheWeatherStamps_BOLD_wind1.png 
40,project/data/Cliparts/01_Kate Hadfield/WhateverTheWeather/WhateverTheWeatherStamps/BOLD/khadfield_WhateverTheWeatherStamps_BOLD_tornado.png 
40,project/data/Cliparts/01_Kate Hadfield/WhateverTheWeather/WhateverTheWeatherStamps/DIGITAL STAMPS/khadfield_WhateverTheWeatherStamps_cloud1_2.png 
40,project/data/Cliparts/01_Kate Hadfield/WhateverTheWeather/WhateverTheWeatherStamps/DIGITAL STAMPS/khadfield_WhateverTheWeatherStamps_cloud3_2.png 
40,project/data/Cliparts/01_Kate Hadfield/WhateverTheWeather/WhateverTheWeatherStamps/LINE ART/khadfield_WhateverTheWeatherStamps_cloud2.png 
40,project/data/Cliparts/01_Kate Hadfield/WhateverTheWeather/WhateverTheWeatherStamps/DIGITAL STAMPS/khadfield_WhateverTheWeatherStamps_cloud2_2.png 
40,project/data/Cliparts/01_Kate Hadfield/WhateverTheWeather/WhateverTheWeatherStamps/LINE ART/khadfield_WhateverTheWeatherStamps_cloud1.png 
40,project/data/Cliparts/01_Kate Hadfield/WhateverTheWeather/WhateverTheWeatherStamps/LINE ART/khadfield_WhateverTheWeatherStamps_cloud3.png 
40,project/data/Cliparts/01_Kate Hadfield/WhateverTheWeather/WhateverTheWeatherStamps/DIGITAL STAMPS/khadfield_WhateverTheWeatherStamps_clouds_2.png 
40,project/data/Cliparts/01_Kate Hadfield/WhateverTheWeather/WhateverTheWeatherStamps/LINE ART/khadfield_WhateverTheWeatherStamps_clouds.png 
40,project/data/Cliparts/01_Kate Hadfield/WhateverTheWeather/WhateverTheWeatherStamps/DIGITAL STAMPS/khadfield_WhateverTheWeatherStamps_fog_2.png 
40,project/data/Cliparts/01_Kate Hadfield/WhateverTheWeather/WhateverTheWeatherStamps/LINE ART/khadfield_WhateverTheWeatherStamps_hail.png 
40,project/data/Cliparts/01_Kate Hadfield/WhateverTheWeather/WhateverTheWeatherStamps/DIGITAL STAMPS/khadfield_WhateverTheWeatherStamps_hail_2.png 
40,project/data/Cliparts/01_Kate Hadfield/WhateverTheWeather/WhateverTheWeatherStamps/LINE ART/khadfield_WhateverTheWeatherStamps_fog.png 
40,project/data/Cliparts/01_Kate Hadfield/WhateverTheWeather/WhateverTheWeatherStamps/DIGITAL STAMPS/khadfield_WhateverTheWeatherStamps_lightning1_2.png 
40,project/data/Cliparts/01_Kate Hadfield/WhateverTheWeather/WhateverTheWeatherStamps/LINE ART/khadfield_WhateverTheWeatherStamps_lightning2.png 
40,project/data/Cliparts/01_Kate Hadfield/WhateverTheWeather/WhateverTheWeatherStamps/LINE ART/khadfield_WhateverTheWeatherStamps_moon2.png 
40,project/data/Cliparts/01_Kate Hadfield/WhateverTheWeather/WhateverTheWeatherStamps/DIGITAL STAMPS/khadfield_WhateverTheWeatherStamps_lightning2_2.png 
40,project/data/Cliparts/01_Kate Hadfield/WhateverTheWeather/WhateverTheWeatherStamps/LINE ART/khadfield_WhateverTheWeatherStamps_lightning1.png 
40,project/data/Cliparts/01_Kate Hadfield/WhateverTheWeather/WhateverTheWeatherStamps/DIGITAL STAMPS/khadfield_WhateverTheWeatherStamps_moon2_2.png 
40,project/data/Cliparts/01_Kate Hadfield/WhateverTheWeather/WhateverTheWeatherStamps/LINE ART/khadfield_WhateverTheWeatherStamps_rain.png 
40,project/data/Cliparts/01_Kate Hadfield/WhateverTheWeather/WhateverTheWeatherStamps/DIGITAL STAMPS/khadfield_WhateverTheWeatherStamps_rain2.png 
40,project/data/Cliparts/01_Kate Hadfield/WhateverTheWeather/WhateverTheWeatherStamps/DIGITAL STAMPS/khadfield_WhateverTheWeatherStamps_raindrops_2.png 
40,project/data/Cliparts/01_Kate Hadfield/WhateverTheWeather/WhateverTheWeatherStamps/LINE ART/khadfield_WhateverTheWeatherStamps_raindrop.png 
40,project/data/Cliparts/01_Kate Hadfield/WhateverTheWeather/WhateverTheWeatherStamps/LINE ART/khadfield_WhateverTheWeatherStamps_raindrops.png 
40,project/data/Cliparts/01_Kate Hadfield/WhateverTheWeather/WhateverTheWeatherStamps/DIGITAL STAMPS/khadfield_WhateverTheWeatherStamps_raindrops2_2.png 
40,project/data/Cliparts/01_Kate Hadfield/WhateverTheWeather/WhateverTheWeatherStamps/DIGITAL STAMPS/khadfield_WhateverTheWeatherStamps_raindrop_2.png 
40,project/data/Cliparts/01_Kate Hadfield/WhateverTheWeather/WhateverTheWeatherStamps/LINE ART/khadfield_WhateverTheWeatherStamps_snowflakes.png 
40,project/data/Cliparts/01_Kate Hadfield/WhateverTheWeather/WhateverTheWeatherStamps/LINE ART/khadfield_WhateverTheWeatherStamps_snowflake.png 
40,project/data/Cliparts/01_Kate Hadfield/WhateverTheWeather/WhateverTheWeatherStamps/DIGITAL STAMPS/khadfield_WhateverTheWeatherStamps_snowflake_2.png 
40,project/data/Cliparts/01_Kate Hadfield/WhateverTheWeather/WhateverTheWeatherStamps/LINE ART/khadfield_WhateverTheWeatherStamps_raindrops2.png 
40,project/data/Cliparts/01_Kate Hadfield/WhateverTheWeather/WhateverTheWeatherStamps/DIGITAL STAMPS/khadfield_WhateverTheWeatherStamps_sun1_2.png 
40,project/data/Cliparts/01_Kate Hadfield/WhateverTheWeather/WhateverTheWeatherStamps/LINE ART/khadfield_WhateverTheWeatherStamps_sun1.png 
40,project/data/Cliparts/01_Kate Hadfield/WhateverTheWeather/WhateverTheWeatherStamps/DIGITAL STAMPS/khadfield_WhateverTheWeatherStamps_sun2_2.png 
40,project/data/Cliparts/01_Kate Hadfield/WhateverTheWeather/WhateverTheWeatherStamps/LINE ART/khadfield_WhateverTheWeatherStamps_sun2.png 
40,project/data/Cliparts/01_Kate Hadfield/WhateverTheWeather/WhateverTheWeatherStamps/LINE ART/khadfield_WhateverTheWeatherStamps_sun3.png 
40,project/data/Cliparts/01_Kate Hadfield/WhateverTheWeather/WhateverTheWeatherStamps/DIGITAL STAMPS/khadfield_WhateverTheWeatherStamps_sun3_2.png 
40,project/data/Cliparts/01_Kate Hadfield/WhateverTheWeather/WhateverTheWeatherStamps/DIGITAL STAMPS/khadfield_WhateverTheWeatherStamps_tornado_2.png 
40,project/data/Cliparts/01_Kate Hadfield/WhateverTheWeather/WhateverTheWeatherStamps/LINE ART/khadfield_WhateverTheWeatherStamps_tornado.png 
40,project/data/Cliparts/01_Kate Hadfield/WhateverTheWeather/WhateverTheWeatherStamps/DIGITAL STAMPS/khadfield_WhateverTheWeatherStamps_wind1.png 
40,project/data/Cliparts/01_Kate Hadfield/WhateverTheWeather/WhateverTheWeatherStamps/LINE ART/khadfield_WhateverTheWeatherStamps_wind1.png 
40,project/data/Cliparts/01_Kate Hadfield/WhateverTheWeather/WhateverTheWeatherStamps/DIGITAL STAMPS/khadfield_WhateverTheWeatherStamps_wind2_2.png 
40,project/data/Cliparts/01_Kate Hadfield/WhateverTheWeather/WhateverTheWeatherStamps/LINE ART/khadfield_WhateverTheWeatherStamps_wind2.png
41,project/data/Cliparts/01_Kate Hadfield/LittleSchool/khadfield_LittleSchool_bell.png 
41,project/data/Cliparts/01_Kate Hadfield/StNikolausandFriends/khadfield_StNikolausandFriends_bell.png 
41,project/data/Cliparts/01_Kate Hadfield/LittleSchool/LittleSchoolStamps/BOLD/khadfield_LittleSchoolStamps_BOLD_bell.png 
41,project/data/Cliparts/01_Kate Hadfield/LittleSchool/LittleSchoolStamps/LINE ART/khadfield_LittleSchoolStamps_bell.png 
41,project/data/Cliparts/01_Kate Hadfield/LittleSchool/LittleSchoolStamps/DIGITAL STAMPS/khadfield_LittleSchoolStamps_bell_2.png
43,project/data/Cliparts/01_Kate Hadfield/ScienceTime/khadfield_ScienceTime_testtube2.png 
43,project/data/Cliparts/01_Kate Hadfield/ScienceTime/khadfield_ScienceTime_testtube1.png
47,project/data/Cliparts/01_Kate Hadfield/LittleSchool/khadfield_LittleSchool_palette.png 
47,project/data/Cliparts/01_Kate Hadfield/LittleSchool/LittleSchoolStamps/BOLD/khadfield_LittleSchoolStamps_BOLD_palette.png 
47,project/data/Cliparts/01_Kate Hadfield/LittleSchool/LittleSchoolStamps/DIGITAL STAMPS/khadfield_LittleSchoolStamps_palette_2.png 
47,project/data/Cliparts/01_Kate Hadfield/LittleSchool/LittleSchoolStamps/LINE ART/khadfield_LittleSchoolStamps_palette.png 
49,project/data/Cliparts/01_Kate Hadfield/9to5/khadfield_9to5_clipboard.png 
49,project/data/Cliparts/01_Kate Hadfield/9to5/9to5Stamps/BOLD/khadfield_9to5Stamps_BOLD_clipboard.png 
49,project/data/Cliparts/01_Kate Hadfield/DoctorDoctor/khadfield_DoctorDoctor_clipboard2.png 
49,project/data/Cliparts/01_Kate Hadfield/DoctorDoctor/khadfield_DoctorDoctor_clipboard.png 
49,project/data/Cliparts/01_Kate Hadfield/9to5/9to5Stamps/LINE ART/khadfield_9to5Stamps_clipboard.png 
49,project/data/Cliparts/01_Kate Hadfield/9to5/9to5Stamps/DIGITAL STAMPS/khadfield_9to5Stamps_clipboard_2.png 
49,project/data/Cliparts/01_Kate Hadfield/ScienceTime/khadfield_ScienceTime_clipboard.png
50,project/data/Cliparts/01_Kate Hadfield/BigSchool/khadfield_BigSchool_music.png 
50,project/data/Cliparts/01_Kate Hadfield/BoysNightIn/khadfield_BoysNightIn_musicalnotes.png 
50,project/data/Cliparts/01_Kate Hadfield/AllTheEverydays/khadfield_AllTheEverydays_music.png
53,project/data/Cliparts/01_Kate Hadfield/FarmersGarden/khadfield_FarmersGarden_wateringcan.png 
53,project/data/Cliparts/01_Kate Hadfield/SpringitySpring/khadfield_SpringitySpring_wateringcan.png 
53,project/data/Cliparts/01_Kate Hadfield/SpringitySpring/DIGITAL STAMPS/khadfield_SpringitySpringStamps_wateringcan_2.png 
53,project/data/Cliparts/01_Kate Hadfield/SpringitySpring/LINE ART/khadfield_SpringitySpringStamps_wateringcan.png 
53,project/data/Cliparts/01_Kate Hadfield/SpringitySpring/BOLD STAMPS/khadfield_SpringitySpringStampsBOLD_wateringcan.png
60,project/data/Cliparts/01_Kate Hadfield/OnOurTravels/khadfield_OnOurTravels_compass_blank.png 
60,project/data/Cliparts/01_Kate Hadfield/OnOurTravels/khadfield_OnOurTravels_compass.png 
60,project/data/Cliparts/01_Kate Hadfield/OnOurTravels/OnOurTravelsStamps/BOLD STAMPS/khadfield_OnOurTravelsStamps_BOLD_compass.png 
60,project/data/Cliparts/01_Kate Hadfield/OnOurTravels/OnOurTravelsStamps/BOLD STAMPS/khadfield_OnOurTravelsStamps_BOLD_compassblank.png 
60,project/data/Cliparts/01_Kate Hadfield/OnOurTravels/OnOurTravelsStamps/DIGITAL STAMPS/khadfield_OnOurTravelsStamps_compass_2.png 
60,project/data/Cliparts/01_Kate Hadfield/OnOurTravels/OnOurTravelsStamps/LINE ART/khadfield_OnOurTravelsStamps_compass_blank.png 
60,project/data/Cliparts/01_Kate Hadfield/OnOurTravels/OnOurTravelsStamps/DIGITAL STAMPS/khadfield_OnOurTravelsStamps_compass_blank2.png 
60,project/data/Cliparts/01_Kate Hadfield/OnOurTravels/OnOurTravelsStamps/LINE ART/khadfield_OnOurTravelsStamps_compass.png
62,project/data/Cliparts/01_Kate Hadfield/GraduationStamps/DIGITAL STAMPS/khadfield_GraduationStamps_diploma_2.png 
62,project/data/Cliparts/01_Kate Hadfield/GraduationStamps/LINE ART/khadfield_GraduationStamps_diploma_blank_2.png 
62,project/data/Cliparts/01_Kate Hadfield/GraduationStamps/DIGITAL STAMPS/khadfield_GraduationStamps_diploma_blank_3.png 
62,project/data/Cliparts/01_Kate Hadfield/GraduationStamps/DIGITAL STAMPS/khadfield_GraduationStamps_diploma_blank_4.png 
62,project/data/Cliparts/01_Kate Hadfield/GraduationStamps/BOLD/khadfield_GraduationStampsBOLD_diploma_blank2.png 
62,project/data/Cliparts/01_Kate Hadfield/GraduationStamps/BOLD/khadfield_GraduationStampsBOLD_diploma_blank.png 
62,project/data/Cliparts/01_Kate Hadfield/GraduationStamps/LINE ART/khadfield_GraduationStamps_diploma.png 
62,project/data/Cliparts/01_Kate Hadfield/GraduationStamps/LINE ART/khadfield_GraduationStamps_diploma_blank.png 
62,project/data/Cliparts/01_Kate Hadfield/GraduationStamps/BOLD/khadfield_GraduationStampsBOLD_diploma.png
67,project/data/Cliparts/01_Kate Hadfield/SchoolSports/khadfield_SchoolSports_trophy.png 
78,project/data/Cliparts/01_Kate Hadfield/LittleSchool/khadfield_LittleSchool_palette.png 
78,project/data/Cliparts/01_Kate Hadfield/LittleSchool/LittleSchoolStamps/BOLD/khadfield_LittleSchoolStamps_BOLD_palette.png 
78,project/data/Cliparts/01_Kate Hadfield/LittleSchool/LittleSchoolStamps/DIGITAL STAMPS/khadfield_LittleSchoolStamps_palette_2.png 
78,project/data/Cliparts/01_Kate Hadfield/LittleSchool/LittleSchoolStamps/LINE ART/khadfield_LittleSchoolStamps_palette.png
86,project/data/Cliparts/01_Kate Hadfield/DoItYourself/khadfield_DoItYourself_hammer.png 
86,project/data/Cliparts/01_Kate Hadfield/DoItYourself/khadfield_DoItYourself_pliers.png 
86,project/data/Cliparts/01_Kate Hadfield/DoItYourself/khadfield_DoItYourself_tapemeasure.png 
86,project/data/Cliparts/01_Kate Hadfield/SavingThePennies/khadfield_SavingThePennies_hammer.png
101,project/data/Cliparts/01_Kate Hadfield/PinsAndNeedles/khadfield_PinsAndNeedles_scissors1.png 
103,project/data/Cliparts/01_Kate Hadfield/DoItYourself/khadfield_DoItYourself_paintbrush2.png
104,project/data/Cliparts/01_Kate Hadfield/AtoZ/khadfield_AtoZ_apple.png 
104,project/data/Cliparts/01_Kate Hadfield/AutumnAfternoon/khadfield_AutumnAfternoon_apple.png 
104,project/data/Cliparts/01_Kate Hadfield/BackToSchool/khadfield_BackToSchool_apple.png 
104,project/data/Cliparts/01_Kate Hadfield/BethsBelief/khadfield_BethsBelief_apple.png 
104,project/data/Cliparts/01_Kate Hadfield/CalendarYear/khadfield_CalendarYear_apple.png 
104,project/data/Cliparts/01_Kate Hadfield/FantabulousFall/khadfield_FantabulousFall_apple1.png 
104,project/data/Cliparts/01_Kate Hadfield/FruitStand/khadfield_FruitStand_apple1.png 
104,project/data/Cliparts/01_Kate Hadfield/LittleSchool/khadfield_LittleSchool_apple.png 
104,project/data/Cliparts/01_Kate Hadfield/PumpkinPatch/khadfield_PumpkinPatch_apple.png 
104,project/data/Cliparts/01_Kate Hadfield/ShapingUp/khadfield_ShapingUp_apple.png 
